{
  "temperature": 13.976125574111906,
  "humidity": 45.656361311674125,
  "cpu_load": 25.82311773300171,
  "status": "online"
}