{
  "temperature": 15.175175642967226,
  "humidity": 50.7810710251332,
  "cpu_load": 25.82441020011902,
  "status": "online"
}